<?xml version="1.0" encoding="utf-8"?><index><stem n="mean"><phr n="meaning"><ent r="3" t="2" w="39" /><ent r="3" t="2" w="39" /><ent r="3" t="2" w="59" /><ent r="3" t="2" w="148" /><ent r="3" t="2" w="148" /><ent r="3" t="2" w="179" /><ent r="3" t="2" w="179" /><ent r="3" t="2" w="250" /><ent r="3" t="2" w="250" /><ent r="3" t="3" w="39" /><ent r="3" t="3" w="39" /><ent r="3" t="3" w="59" /><ent r="3" t="3" w="148" /><ent r="3" t="3" w="148" /><ent r="3" t="3" w="179" /><ent r="3" t="3" w="179" /><ent r="3" t="3" w="250" /><ent r="3" t="3" w="250" /></phr></stem><stem n="exampl"><phr n="example"><ent r="3" t="2" w="46" /><ent r="3" t="3" w="46" /><ent r="3" t="8" w="38" /></phr></stem><stem n="singl"><phr n="single"><ent r="3" t="2" w="54" /><ent r="3" t="2" w="54" /><ent r="3" t="2" w="117" /><ent r="3" t="2" w="117" /><ent r="3" t="3" w="54" /><ent r="3" t="3" w="54" /><ent r="3" t="3" w="117" /><ent r="3" t="3" w="117" /></phr></stem><stem n="would"><phr n="would"><ent r="3" t="2" w="56" /><ent r="3" t="2" w="56" /><ent r="3" t="3" w="56" /><ent r="3" t="3" w="56" /></phr></stem><stem n="syntact"><phr n="syntactic"><ent r="3" t="2" w="58" /><ent r="3" t="2" w="58" /><ent r="3" t="2" w="153" /><ent r="3" t="2" w="153" /><ent r="3" t="3" w="58" /><ent r="3" t="3" w="58" /><ent r="3" t="3" w="153" /><ent r="3" t="3" w="153" /></phr></stem><stem n="differenti"><phr n="Differentiation"><ent r="3" t="2" w="60" /><ent r="3" t="2" w="60" /><ent r="3" t="3" w="60" /><ent r="3" t="3" w="60" /></phr></stem><stem n="string"><phr n="string"><ent r="3" t="2" w="62" /><ent r="3" t="2" w="62" /><ent r="3" t="3" w="62" /><ent r="3" t="3" w="62" /></phr></stem><stem n="numer"><phr n="numeric"><ent r="3" t="2" w="64" /><ent r="3" t="2" w="64" /><ent r="3" t="2" w="72" /><ent r="3" t="2" w="72" /><ent r="3" t="3" w="64" /><ent r="3" t="3" w="64" /><ent r="3" t="3" w="72" /><ent r="3" t="3" w="72" /></phr></stem><stem n="realiz"><phr n="realized"><ent r="3" t="2" w="67" /><ent r="3" t="3" w="67" /></phr></stem><stem n="further"><phr n="further"><ent r="3" t="2" w="69" /><ent r="3" t="2" w="69" /><ent r="3" t="3" w="69" /><ent r="3" t="3" w="69" /></phr><phr n="Further"><ent r="3" t="2" w="126" /><ent r="3" t="2" w="126" /><ent r="3" t="3" w="126" /><ent r="3" t="3" w="126" /></phr></stem><stem n="recogn"><phr n="recognized"><ent r="3" t="2" w="76" /><ent r="3" t="2" w="76" /><ent r="3" t="2" w="204" /><ent r="3" t="2" w="204" /><ent r="3" t="3" w="76" /><ent r="3" t="3" w="76" /><ent r="3" t="3" w="204" /><ent r="3" t="3" w="204" /></phr></stem><stem n="fit"><phr n="fit"><ent r="3" t="2" w="78" /><ent r="3" t="2" w="78" /><ent r="3" t="3" w="78" /><ent r="3" t="3" w="78" /></phr></stem><stem n="pattern"><phr n="pattern"><ent r="3" t="2" w="80" /><ent r="3" t="2" w="80" /><ent r="3" t="3" w="80" /><ent r="3" t="3" w="80" /></phr></stem><stem n="longitud"><phr n="longitude"><ent r="3" t="2" w="83" /><ent r="3" t="2" w="83" /><ent r="3" t="2" w="103" /><ent r="3" t="2" w="103" /><ent r="3" t="2" w="112" /><ent r="3" t="2" w="112" /><ent r="3" t="3" w="83" /><ent r="3" t="3" w="83" /><ent r="3" t="3" w="103" /><ent r="3" t="3" w="103" /><ent r="3" t="3" w="112" /><ent r="3" t="3" w="112" /></phr></stem><stem n="latitud"><phr n="latitude"><ent r="3" t="2" w="86" /><ent r="3" t="2" w="105" /><ent r="3" t="2" w="114" /><ent r="3" t="2" w="114" /><ent r="3" t="3" w="86" /><ent r="3" t="3" w="105" /><ent r="3" t="3" w="114" /><ent r="3" t="3" w="114" /></phr></stem><stem n="suffici"><phr n="sufficient"><ent r="3" t="2" w="91" /><ent r="3" t="2" w="91" /><ent r="3" t="3" w="91" /><ent r="3" t="3" w="91" /></phr></stem><stem n="number"><phr n="number"><ent r="3" t="2" w="92" /><ent r="3" t="2" w="92" /><ent r="3" t="3" w="92" /><ent r="3" t="3" w="92" /></phr></stem><stem n="could"><phr n="could"><ent r="3" t="2" w="95" /><ent r="3" t="2" w="95" /><ent r="3" t="2" w="128" /><ent r="3" t="2" w="128" /><ent r="3" t="2" w="187" /><ent r="3" t="2" w="187" /><ent r="3" t="3" w="95" /><ent r="3" t="3" w="95" /><ent r="3" t="3" w="128" /><ent r="3" t="3" w="128" /><ent r="3" t="3" w="187" /><ent r="3" t="3" w="187" /></phr></stem><stem n="narrow"><phr n="narrow"><ent r="3" t="2" w="96" /><ent r="3" t="2" w="96" /><ent r="3" t="3" w="96" /><ent r="3" t="3" w="96" /></phr></stem><stem n="find"><phr n="finding"><ent r="3" t="2" w="98" /><ent r="3" t="2" w="98" /><ent r="3" t="3" w="98" /><ent r="3" t="3" w="98" /></phr><phr n="findings"><ent r="3" t="5" w="66" /></phr></stem><stem n="down"><phr n="down"><ent r="3" t="2" w="99" /><ent r="3" t="2" w="99" /><ent r="3" t="3" w="99" /><ent r="3" t="3" w="99" /></phr></stem><stem n="either"><phr n="either"><ent r="3" t="2" w="101" /><ent r="3" t="2" w="101" /><ent r="3" t="3" w="101" /><ent r="3" t="3" w="101" /></phr></stem><stem n="record"><phr n="record"><ent r="3" t="2" w="118" /><ent r="3" t="2" w="118" /><ent r="3" t="3" w="118" /><ent r="3" t="3" w="118" /></phr></stem><stem n="coordin"><phr n="coordinate"><ent r="3" t="2" w="122" /><ent r="3" t="3" w="122" /></phr><phr n="coordinates"><ent r="3" t="6" w="68" /><ent r="3" t="6" w="68" /></phr></stem><stem n="lead"><phr n="lead"><ent r="3" t="2" w="129" /><ent r="3" t="2" w="129" /><ent r="3" t="3" w="129" /><ent r="3" t="3" w="129" /></phr></stem><stem n="determin"><phr n="determining"><ent r="3" t="2" w="131" /><ent r="3" t="2" w="131" /><ent r="3" t="3" w="131" /><ent r="3" t="3" w="131" /></phr></stem><stem n="countri"><phr n="country"><ent r="3" t="2" w="133" /><ent r="3" t="3" w="133" /><ent r="3" t="6" w="70" /><ent r="3" t="6" w="70" /></phr></stem><stem n="state"><phr n="state"><ent r="3" t="2" w="134" /><ent r="3" t="3" w="134" /></phr></stem><stem n="region"><phr n="region"><ent r="3" t="2" w="136" /><ent r="3" t="2" w="136" /><ent r="3" t="3" w="136" /><ent r="3" t="3" w="136" /></phr></stem><stem n="code"><phr n="code"><ent r="3" t="2" w="137" /><ent r="3" t="2" w="194" /><ent r="3" t="3" w="137" /><ent r="3" t="3" w="194" /></phr><phr n="codes"><ent r="3" t="6" w="71" /><ent r="3" t="6" w="71" /></phr><phr n="Code"><ent r="7" t="10" w="26" /><ent r="7" t="10" w="26" /><ent r="7" t="11" w="18" /><ent r="7" t="11" w="18" /></phr></stem><stem n="progress"><phr n="progressive"><ent r="3" t="2" w="139" /><ent r="3" t="2" w="139" /><ent r="3" t="3" w="139" /><ent r="3" t="3" w="139" /></phr></stem><stem n="signific"><phr n="significant"><ent r="3" t="2" w="146" /><ent r="3" t="2" w="146" /><ent r="3" t="3" w="146" /><ent r="3" t="3" w="146" /></phr></stem><stem n="far"><phr n="far"><ent r="3" t="2" w="150" /><ent r="3" t="2" w="150" /><ent r="3" t="3" w="150" /><ent r="3" t="3" w="150" /></phr></stem><stem n="exce"><phr n="exceeds"><ent r="3" t="2" w="151" /><ent r="3" t="2" w="151" /><ent r="3" t="3" w="151" /><ent r="3" t="3" w="151" /></phr></stem><stem n="simpl"><phr n="simple"><ent r="3" t="2" w="152" /><ent r="3" t="2" w="152" /><ent r="3" t="3" w="152" /><ent r="3" t="3" w="152" /></phr></stem><stem n="recognit"><phr n="recognition"><ent r="3" t="2" w="154" /><ent r="3" t="3" w="154" /></phr></stem><stem n="refin"><phr n="refining"><ent r="3" t="2" w="159" /><ent r="3" t="2" w="159" /><ent r="3" t="3" w="159" /><ent r="3" t="3" w="159" /></phr><phr n="refined"><ent r="3" t="2" w="245" /><ent r="3" t="2" w="245" /><ent r="3" t="3" w="245" /><ent r="3" t="3" w="245" /></phr></stem><stem n="group"><phr n="group"><ent r="3" t="2" w="166" /><ent r="3" t="2" w="166" /><ent r="3" t="3" w="166" /><ent r="3" t="3" w="166" /></phr></stem><stem n="guid"><phr n="guided"><ent r="3" t="2" w="171" /><ent r="3" t="2" w="171" /><ent r="3" t="3" w="171" /><ent r="3" t="3" w="171" /></phr></stem><stem n="consid"><phr n="considering"><ent r="3" t="2" w="173" /><ent r="3" t="2" w="173" /><ent r="3" t="3" w="173" /><ent r="3" t="3" w="173" /></phr></stem><stem n="specif"><phr n="specific"><ent r="3" t="2" w="175" /><ent r="3" t="2" w="175" /><ent r="3" t="3" w="175" /><ent r="3" t="3" w="175" /><ent r="3" t="8" w="33" /><ent r="3" t="8" w="33" /><ent r="3" t="8" w="56" /><ent r="3" t="8" w="56" /><ent r="3" t="9" w="45" /><ent r="3" t="9" w="45" /></phr></stem><stem n="health"><phr n="Health"><ent r="3" t="2" w="185" /><ent r="3" t="3" w="185" /><ent r="3" t="8" w="40" /></phr></stem><stem n="given"><phr n="given"><ent r="3" t="2" w="189" /><ent r="3" t="2" w="189" /><ent r="3" t="3" w="189" /><ent r="3" t="3" w="189" /></phr></stem><stem n="procedur"><phr n="procedure"><ent r="3" t="2" w="193" /><ent r="3" t="2" w="193" /><ent r="3" t="3" w="193" /><ent r="3" t="3" w="193" /></phr></stem><stem n="same"><phr n="same"><ent r="3" t="2" w="196" /><ent r="3" t="2" w="196" /><ent r="3" t="3" w="196" /><ent r="3" t="3" w="196" /></phr></stem><stem n="aerospac"><phr n="Aerospace"><ent r="3" t="2" w="200" /><ent r="3" t="3" w="200" /><ent r="3" t="8" w="39" /></phr></stem><stem n="publish"><phr n="published"><ent r="3" t="2" w="207" /><ent r="3" t="2" w="207" /><ent r="3" t="3" w="207" /><ent r="3" t="3" w="207" /></phr></stem><stem n="waypoint"><phr n="waypoint"><ent r="3" t="2" w="208" /><ent r="3" t="3" w="208" /></phr></stem><stem n="pluggabl"><phr n="pluggable"><ent r="3" t="2" w="220" /><ent r="3" t="3" w="220" /></phr></stem><stem n="descriptor"><phr n="descriptors"><ent r="3" t="2" w="222" /><ent r="3" t="2" w="264" /><ent r="3" t="3" w="222" /><ent r="3" t="3" w="264" /></phr></stem><stem n="load"><phr n="loads"><ent r="3" t="2" w="226" /><ent r="3" t="2" w="226" /><ent r="3" t="3" w="226" /><ent r="3" t="3" w="226" /></phr></stem><stem n="appropri"><phr n="appropriate"><ent r="3" t="2" w="228" /><ent r="3" t="2" w="228" /><ent r="3" t="2" w="248" /><ent r="3" t="2" w="248" /><ent r="3" t="3" w="228" /><ent r="3" t="3" w="228" /><ent r="3" t="3" w="248" /><ent r="3" t="3" w="248" /></phr></stem><stem n="thu"><phr n="Thus"><ent r="3" t="2" w="241" /><ent r="3" t="2" w="241" /><ent r="3" t="3" w="241" /><ent r="3" t="3" w="241" /></phr></stem><stem n="manag"><phr n="Manager"><ent r="3" t="2" w="260" /><ent r="3" t="2" w="260" /><ent r="3" t="3" w="260" /><ent r="3" t="3" w="260" /></phr></stem><stem n="creation"><phr n="Creation"><ent r="1000" t="4" w="2" /><ent r="1000" t="4" w="2" /><ent r="102" t="4" w="5" /><ent r="102" t="4" w="5" /><ent r="102" t="8" w="61" /><ent r="102" t="8" w="61" /></phr><phr n="creation"><ent r="3" t="5" w="31" /><ent r="3" t="5" w="31" /><ent r="3" t="8" w="10" /><ent r="3" t="8" w="10" /><ent r="3" t="8" w="45" /><ent r="3" t="8" w="45" /></phr></stem><stem n="new"><phr n="new"><ent r="3" t="4" w="10" /><ent r="3" t="4" w="10" /><ent r="4" t="4" w="47" /><ent r="4" t="4" w="47" /></phr><phr n="New"><ent r="3" t="5" w="33" /><ent r="3" t="5" w="33" /><ent r="4" t="8" w="69" /><ent r="4" t="8" w="69" /></phr></stem><stem n="step"><phr n="steps"><ent r="3" t="4" w="14" /><ent r="3" t="4" w="14" /></phr><phr n="Step"><ent r="4" t="7" w="54" /><ent r="4" t="7" w="54" /><ent r="4" t="7" w="57" /><ent r="4" t="7" w="57" /><ent r="4" t="7" w="60" /><ent r="4" t="7" w="60" /></phr><phr n="Steps"><ent r="102" t="8" w="59" /><ent r="102" t="8" w="59" /></phr></stem><stem n="follow"><phr n="following"><ent r="3" t="4" w="17" /><ent r="3" t="4" w="17" /></phr></stem><stem n="workflow"><phr n="workflow"><ent r="3" t="4" w="18" /><ent r="3" t="5" w="32" /></phr></stem><stem n="upload"><phr n="Upload"><ent r="4" t="4" w="20" /><ent r="4" t="4" w="20" /></phr><phr n="uploaded"><ent r="3" t="5" w="38" /><ent r="3" t="5" w="38" /></phr></stem><stem n="inspect"><phr n="Inspect"><ent r="4" t="4" w="25" /><ent r="4" t="4" w="25" /></phr></stem><stem n="discard"><phr n="discard"><ent r="4" t="4" w="32" /><ent r="4" t="4" w="32" /></phr></stem><stem n="unsuit"><phr n="unsuitable"><ent r="4" t="4" w="33" /><ent r="4" t="4" w="33" /></phr></stem><stem n="examin"><phr n="Examine"><ent r="4" t="4" w="36" /><ent r="4" t="4" w="36" /></phr></stem><stem n="interact"><phr n="interact"><ent r="4" t="4" w="38" /><ent r="4" t="4" w="38" /><ent r="3" t="5" w="63" /><ent r="3" t="5" w="63" /></phr></stem><stem n="propos"><phr n="proposed"><ent r="4" t="4" w="41" /><ent r="4" t="4" w="41" /><ent r="4" t="4" w="55" /><ent r="4" t="4" w="55" /></phr></stem><stem n="add"><phr n="Add"><ent r="4" t="4" w="46" /><ent r="4" t="4" w="46" /><ent r="4" t="11" w="160" /></phr><phr n="add"><ent r="3" t="11" w="53" /><ent r="3" t="11" w="53" /><ent r="3" t="11" w="68" /><ent r="3" t="11" w="68" /></phr></stem><stem n="associ"><phr n="associated"><ent r="4" t="4" w="66" /><ent r="4" t="4" w="66" /><ent r="3" t="9" w="22" /><ent r="3" t="9" w="22" /></phr></stem><stem n="modif"><phr n="Modification"><ent r="1000" t="5" w="2" /><ent r="1000" t="5" w="2" /><ent r="102" t="5" w="5" /><ent r="102" t="5" w="5" /><ent r="3" t="5" w="22" /><ent r="3" t="5" w="22" /></phr><phr n="modifications"><ent r="3" t="5" w="68" /><ent r="3" t="5" w="68" /></phr></stem><stem n="request"><phr n="request"><ent r="3" t="5" w="8" /><ent r="3" t="5" w="8" /></phr><phr n="requests"><ent r="3" t="5" w="23" /><ent r="3" t="5" w="23" /></phr></stem><stem n="be"><phr n="being"><ent r="3" t="5" w="20" /><ent r="3" t="5" w="20" /></phr></stem><stem n="place"><phr n="place"><ent r="3" t="5" w="24" /><ent r="3" t="5" w="24" /></phr></stem><stem n="back"><phr n="back"><ent r="3" t="5" w="27" /><ent r="3" t="5" w="27" /></phr></stem><stem n="get"><phr n="get"><ent r="3" t="5" w="37" /><ent r="3" t="5" w="37" /></phr></stem><stem n="open"><phr n="opened"><ent r="3" t="5" w="43" /><ent r="3" t="5" w="43" /></phr><phr n="open"><ent r="4" t="10" w="70" /><ent r="4" t="10" w="70" /><ent r="4" t="11" w="155" /><ent r="4" t="11" w="155" /></phr></stem><stem n="undergo"><phr n="undergo"><ent r="3" t="5" w="45" /><ent r="3" t="5" w="45" /></phr></stem><stem n="compar"><phr n="compared"><ent r="3" t="5" w="51" /><ent r="3" t="5" w="51" /><ent r="3" t="11" w="116" /><ent r="3" t="11" w="116" /></phr></stem><stem n="exist"><phr n="existing"><ent r="3" t="5" w="54" /><ent r="3" t="5" w="54" /></phr><phr n="exists"><ent r="3" t="7" w="51" /><ent r="3" t="7" w="51" /></phr></stem><stem n="opportun"><phr n="opportunity"><ent r="3" t="5" w="61" /><ent r="3" t="5" w="61" /></phr></stem><stem n="make"><phr n="make"><ent r="3" t="5" w="67" /><ent r="3" t="5" w="67" /><ent r="3" t="9" w="44" /><ent r="3" t="9" w="44" /></phr></stem><stem n="choos"><phr n="chooses"><ent r="3" t="5" w="70" /><ent r="3" t="5" w="70" /></phr></stem><stem n="whether"><phr n="whether"><ent r="3" t="5" w="71" /><ent r="3" t="5" w="71" /></phr></stem><stem n="chang"><phr n="changes"><ent r="3" t="5" w="75" /></phr><phr n="Change"><ent r="1000" t="10" w="3" /><ent r="1000" t="10" w="3" /><ent r="102" t="10" w="12" /><ent r="102" t="10" w="12" /></phr><phr n="changed"><ent r="3" t="10" w="60" /><ent r="3" t="10" w="60" /></phr></stem><stem n="distribut"><phr n="Distribution"><ent r="1000" t="6" w="1" /><ent r="1000" t="6" w="1" /><ent r="102" t="6" w="3" /><ent r="102" t="6" w="3" /></phr></stem><stem n="packag"><phr n="packaged"><ent r="3" t="6" w="10" /><ent r="3" t="6" w="10" /></phr></stem><stem n="three"><phr n="three"><ent r="3" t="6" w="12" /><ent r="3" t="6" w="12" /></phr></stem><stem n="docker"><phr n="docker"><ent r="3" t="6" w="13" /><ent r="3" t="6" w="13" /></phr></stem><stem n="contain"><phr n="containers"><ent r="3" t="6" w="14" /></phr><phr n="container"><ent r="3" t="6" w="18" /><ent r="3" t="6" w="22" /><ent r="3" t="6" w="26" /><ent r="3" t="6" w="58" /><ent r="3" t="6" w="58" /></phr></stem><stem n="h2"><phr n="H2"><ent r="3" t="6" w="16" /><ent r="3" t="6" w="16" /><ent r="3" t="6" w="27" /><ent r="3" t="6" w="27" /></phr></stem><stem n="revers"><phr n="reverse"><ent r="3" t="6" w="20" /><ent r="3" t="6" w="20" /><ent r="3" t="6" w="56" /><ent r="3" t="6" w="56" /></phr></stem><stem n="geocod"><phr n="geocode"><ent r="3" t="6" w="21" /><ent r="3" t="6" w="21" /><ent r="3" t="6" w="57" /><ent r="3" t="6" w="57" /></phr></stem><stem n="webapp"><phr n="webapp"><ent r="3" t="6" w="25" /><ent r="3" t="6" w="25" /><ent r="3" t="6" w="81" /><ent r="3" t="6" w="81" /></phr></stem><stem n="persist"><phr n="persistence"><ent r="3" t="6" w="29" /><ent r="3" t="6" w="29" /></phr></stem><stem n="along"><phr n="along"><ent r="3" t="6" w="35" /><ent r="3" t="6" w="35" /></phr></stem><stem n="metric"><phr n="metrics"><ent r="3" t="6" w="37" /><ent r="3" t="6" w="37" /></phr></stem><stem n="work"><phr n="working"><ent r="3" t="6" w="50" /><ent r="3" t="6" w="50" /></phr></stem><stem n="space"><phr n="space"><ent r="3" t="6" w="51" /><ent r="3" t="6" w="51" /></phr></stem><stem n="servic"><phr n="services"><ent r="3" t="6" w="54" /><ent r="3" t="6" w="61" /><ent r="3" t="6" w="61" /><ent r="3" t="6" w="94" /><ent r="3" t="6" w="94" /><ent r="3" t="6" w="120" /><ent r="3" t="6" w="120" /></phr></stem><stem n="lookup"><phr n="lookup"><ent r="3" t="6" w="64" /><ent r="3" t="6" w="64" /></phr></stem><stem n="capabl"><phr n="capability"><ent r="3" t="6" w="65" /><ent r="3" t="6" w="65" /></phr></stem><stem n="match"><phr n="matching"><ent r="3" t="6" w="67" /><ent r="3" t="6" w="67" /></phr></stem><stem n="util"><phr n="utilizes"><ent r="3" t="6" w="73" /><ent r="3" t="6" w="73" /></phr><phr n="utilize"><ent r="3" t="9" w="40" /><ent r="3" t="9" w="40" /></phr></stem><stem n="mongo"><phr n="Mongo"><ent r="3" t="6" w="75" /><ent r="3" t="6" w="75" /></phr></stem><stem n="preload"><phr n="preloaded"><ent r="3" t="6" w="78" /><ent r="3" t="6" w="78" /></phr></stem><stem n="jetti"><phr n="Jetty"><ent r="3" t="6" w="84" /><ent r="3" t="6" w="84" /><ent r="3" t="6" w="118" /></phr></stem><stem n="serv"><phr n="serves"><ent r="3" t="6" w="87" /><ent r="3" t="6" w="87" /></phr></stem><stem n="present"><phr n="presentation"><ent r="3" t="6" w="89" /><ent r="3" t="6" w="89" /><ent r="3" t="6" w="97" /><ent r="3" t="6" w="97" /></phr></stem><stem n="layer"><phr n="layer"><ent r="3" t="6" w="90" /><ent r="3" t="6" w="90" /><ent r="3" t="6" w="95" /><ent r="3" t="6" w="98" /></phr></stem><stem n="emb"><phr n="embeds"><ent r="3" t="6" w="92" /><ent r="3" t="6" w="92" /></phr></stem><stem n="client-sid"><phr n="client-side"><ent r="3" t="6" w="100" /><ent r="3" t="6" w="100" /></phr></stem><stem n="client"><phr n="client"><ent r="3" t="6" w="100" /></phr></stem><stem n="side"><phr n="side"><ent r="3" t="6" w="101" /><ent r="3" t="6" w="109" /><ent r="4" t="10" w="86" /><ent r="4" t="10" w="86" /></phr></stem><stem n="written"><phr n="written"><ent r="3" t="6" w="103" /><ent r="3" t="6" w="103" /><ent r="3" t="6" w="122" /><ent r="3" t="6" w="122" /></phr></stem><stem n="angularj"><phr n="AngularJS"><ent r="3" t="6" w="105" /><ent r="3" t="6" w="105" /></phr></stem><stem n="server-sid"><phr n="server-side"><ent r="3" t="6" w="108" /><ent r="3" t="6" w="108" /></phr></stem><stem n="server"><phr n="server"><ent r="3" t="6" w="108" /></phr></stem><stem n="implement"><phr n="implements"><ent r="3" t="6" w="110" /><ent r="3" t="6" w="110" /></phr></stem><stem n="jersei"><phr n="Jersey"><ent r="3" t="6" w="111" /><ent r="3" t="6" w="111" /></phr></stem><stem n="spring"><phr n="Spring"><ent r="3" t="6" w="114" /><ent r="3" t="6" w="114" /></phr></stem><stem n="environ"><phr n="environment"><ent r="3" t="6" w="115" /><ent r="3" t="6" w="115" /></phr></stem><stem n="run"><phr n="running"><ent r="3" t="6" w="116" /><ent r="3" t="6" w="116" /></phr></stem><stem n="java"><phr n="Java"><ent r="3" t="6" w="124" /></phr></stem><stem n="articl"><phr n="Article"><ent r="1000" t="7" w="1" /><ent r="1000" t="7" w="1" /><ent r="102" t="7" w="4" /><ent r="102" t="7" w="4" /><ent r="8" t="7" w="7" /><ent r="8" t="7" w="7" /><ent r="8" t="10" w="19" /><ent r="8" t="10" w="19" /><ent r="7" t="10" w="25" /><ent r="7" t="10" w="25" /><ent r="8" t="11" w="11" /><ent r="8" t="11" w="11" /><ent r="7" t="11" w="17" /><ent r="7" t="11" w="17" /></phr><phr n="article"><ent r="7" t="7" w="13" /><ent r="7" t="7" w="13" /><ent r="3" t="7" w="32" /></phr></stem><stem n="titl"><phr n="Title"><ent r="1000" t="7" w="2" /><ent r="1000" t="7" w="2" /><ent r="102" t="7" w="5" /><ent r="102" t="7" w="5" /></phr></stem><stem n="product"><phr n="Product"><ent r="8" t="7" w="9" /><ent r="7" t="7" w="15" /><ent r="7" t="7" w="15" /><ent r="8" t="10" w="21" /><ent r="8" t="11" w="13" /></phr></stem><stem n="summari"><phr n="Summary"><ent r="92" t="7" w="20" /><ent r="92" t="10" w="32" /><ent r="92" t="10" w="32" /><ent r="92" t="11" w="24" /></phr><phr n="summary"><ent r="3" t="7" w="29" /><ent r="3" t="7" w="29" /></phr></stem><stem n="type"><phr n="Type"><ent r="3" t="7" w="22" /><ent r="3" t="7" w="22" /></phr></stem><stem n="one-"><phr n="one-"><ent r="3" t="7" w="24" /><ent r="3" t="7" w="24" /></phr></stem><stem n="two-sent"><phr n="two-sentence"><ent r="3" t="7" w="27" /><ent r="3" t="7" w="27" /></phr></stem><stem n="sentenc"><phr n="sentence"><ent r="3" t="7" w="28" /></phr></stem><stem n="full"><phr n="Full"><ent r="92" t="7" w="34" /><ent r="92" t="7" w="34" /><ent r="92" t="10" w="49" /><ent r="92" t="10" w="49" /><ent r="92" t="11" w="44" /><ent r="92" t="11" w="44" /></phr></stem><stem n="detail"><phr n="detailed"><ent r="3" t="7" w="40" /><ent r="3" t="7" w="40" /></phr></stem><stem n="here"><phr n="here"><ent r="3" t="7" w="42" /><ent r="3" t="7" w="52" /></phr></stem><stem n="solut"><phr n="Solution"><ent r="92" t="7" w="44" /><ent r="92" t="11" w="126" /></phr><phr n="solution"><ent r="3" t="7" w="48" /><ent r="3" t="7" w="48" /></phr></stem><stem n="if"><phr n="if"><ent r="3" t="7" w="49" /><ent r="3" t="7" w="49" /></phr></stem><stem n="1"><phr n="1"><ent r="4" t="7" w="55" /><ent r="4" t="7" w="55" /></phr></stem><stem n="2"><phr n="2"><ent r="4" t="7" w="58" /><ent r="4" t="7" w="58" /><ent r="7" t="10" w="141" /></phr></stem><stem n="attribut"><phr n="Attribution"><ent r="92" t="7" w="63" /><ent r="92" t="10" w="130" /><ent r="92" t="11" w="171" /></phr></stem><stem n="last"><phr n="Last"><ent r="8" t="7" w="65" /><ent r="8" t="7" w="65" /><ent r="8" t="10" w="132" /><ent r="8" t="10" w="132" /><ent r="8" t="11" w="173" /><ent r="8" t="11" w="173" /></phr></stem><stem n="updat"><phr n="updated"><ent r="8" t="7" w="66" /><ent r="8" t="10" w="133" /><ent r="8" t="11" w="174" /></phr></stem><stem n="author"><phr n="Author"><ent r="8" t="7" w="68" /><ent r="8" t="10" w="135" /><ent r="7" t="10" w="145" /><ent r="7" t="10" w="145" /><ent r="8" t="11" w="176" /></phr></stem><stem n="contribut"><phr n="Contributions"><ent r="8" t="7" w="70" /><ent r="8" t="7" w="70" /><ent r="8" t="10" w="137" /><ent r="8" t="10" w="137" /><ent r="8" t="11" w="178" /><ent r="8" t="11" w="178" /></phr></stem><stem n="date"><phr n="Date"><ent r="7" t="7" w="73" /><ent r="7" t="7" w="73" /></phr></stem><stem n="import"><phr n="important"><ent r="3" t="8" w="19" /><ent r="3" t="8" w="19" /></phr></stem><stem n="part"><phr n="parts"><ent r="3" t="8" w="20" /><ent r="3" t="8" w="20" /></phr></stem><stem n="rang"><phr n="range"><ent r="3" t="8" w="28" /><ent r="3" t="8" w="28" /></phr></stem><stem n="varieti"><phr n="variety"><ent r="3" t="8" w="31" /><ent r="3" t="8" w="31" /></phr></stem><stem n="area"><phr n="areas"><ent r="3" t="8" w="34" /><ent r="3" t="8" w="34" /><ent r="3" t="11" w="94" /><ent r="3" t="11" w="94" /></phr></stem><stem n="knowledg"><phr n="knowledge"><ent r="3" t="8" w="36" /></phr><phr n="Knowledge"><ent r="7" t="11" w="189" /><ent r="7" t="11" w="189" /></phr></stem><stem n="transport"><phr n="Transportation"><ent r="3" t="8" w="41" /></phr></stem><stem n="etc"><phr n="etc"><ent r="3" t="8" w="42" /></phr></stem><stem n="allow"><phr n="allows"><ent r="3" t="8" w="49" /><ent r="3" t="8" w="49" /></phr></stem><stem n="click"><phr n="Click"><ent r="4" t="8" w="66" /><ent r="4" t="8" w="66" /><ent r="4" t="10" w="110" /><ent r="4" t="10" w="110" /><ent r="3" t="11" w="106" /><ent r="3" t="11" w="106" /></phr><phr n="click"><ent r="4" t="8" w="85" /><ent r="4" t="8" w="85" /><ent r="4" t="10" w="78" /><ent r="4" t="10" w="91" /><ent r="4" t="10" w="91" /><ent r="4" t="11" w="153" /></phr></stem><stem n="button"><phr n="button"><ent r="4" t="8" w="71" /><ent r="4" t="8" w="71" /><ent r="4" t="8" w="88" /><ent r="4" t="8" w="88" /><ent r="4" t="10" w="112" /><ent r="4" t="10" w="112" /></phr></stem><stem n="onc"><phr n="Once"><ent r="4" t="8" w="83" /><ent r="4" t="8" w="83" /></phr></stem><stem n="complet"><phr n="completed"><ent r="4" t="8" w="84" /></phr></stem><stem n="congratul"><phr n="Congratulations"><ent r="4" t="8" w="90" /></phr></stem><stem n="first"><phr n="first"><ent r="4" t="8" w="95" /><ent r="4" t="8" w="95" /></phr></stem><stem n="empti"><phr n="Empty"><ent r="1000" t="9" w="1" /><ent r="1000" t="9" w="1" /><ent r="102" t="9" w="4" /><ent r="102" t="9" w="4" /></phr></stem><stem n="defin"><phr n="defined"><ent r="3" t="9" w="11" /></phr></stem><stem n="without"><phr n="Without"><ent r="3" t="9" w="12" /><ent r="3" t="9" w="12" /></phr><phr n="without"><ent r="3" t="9" w="27" /><ent r="3" t="9" w="27" /></phr></stem><stem n="cannot"><phr n="cannot"><ent r="3" t="9" w="20" /><ent r="3" t="9" w="20" /></phr></stem><stem n="proce"><phr n="Proceed"><ent r="3" t="9" w="26" /><ent r="3" t="9" w="26" /></phr></stem><stem n="essenti"><phr n="essential"><ent r="3" t="9" w="34" /><ent r="3" t="9" w="34" /></phr></stem><stem n="successfulli"><phr n="successfully"><ent r="3" t="9" w="39" /><ent r="3" t="9" w="39" /></phr></stem><stem n="how"><phr n="How"><ent r="1000" t="10" w="1" /><ent r="1000" t="10" w="1" /><ent r="102" t="10" w="10" /><ent r="102" t="10" w="10" /></phr><phr n="how"><ent r="3" t="10" w="35" /><ent r="3" t="10" w="35" /><ent r="3" t="11" w="27" /><ent r="3" t="11" w="27" /></phr></stem><stem n="logo"><phr n="Logo"><ent r="1000" t="10" w="5" /><ent r="1000" t="10" w="5" /><ent r="102" t="10" w="14" /><ent r="102" t="10" w="14" /><ent r="5" t="10" w="101" /><ent r="5" t="10" w="101" /></phr><phr n="logo"><ent r="3" t="10" w="39" /><ent r="3" t="10" w="39" /><ent r="3" t="10" w="53" /><ent r="3" t="10" w="53" /></phr></stem><stem n="skin"><phr n="Skin"><ent r="1000" t="10" w="8" /><ent r="1000" t="10" w="8" /><ent r="102" t="10" w="17" /><ent r="102" t="10" w="17" /><ent r="3" t="10" w="63" /><ent r="3" t="10" w="63" /><ent r="4" t="10" w="89" /><ent r="4" t="10" w="89" /></phr><phr n="skin"><ent r="3" t="10" w="47" /><ent r="3" t="10" w="57" /><ent r="3" t="10" w="57" /><ent r="4" t="10" w="80" /><ent r="4" t="10" w="80" /><ent r="4" t="10" w="127" /><ent r="4" t="10" w="127" /></phr><phr n="Skins"><ent r="5" t="10" w="73" /><ent r="5" t="10" w="73" /></phr></stem><stem n="flare"><phr n="Flare"><ent r="7" t="10" w="28" /><ent r="7" t="10" w="28" /><ent r="7" t="11" w="20" /><ent r="7" t="11" w="20" /></phr></stem><stem n="describ"><phr n="Describes"><ent r="3" t="10" w="34" /><ent r="3" t="10" w="34" /><ent r="3" t="11" w="26" /><ent r="3" t="11" w="26" /></phr></stem><stem n="edit"><phr n="edit"><ent r="3" t="10" w="37" /><ent r="3" t="10" w="37" /><ent r="3" t="11" w="29" /><ent r="3" t="11" w="29" /></phr><phr n="Editing"><ent r="1000" t="11" w="1" /><ent r="1000" t="11" w="1" /><ent r="102" t="11" w="6" /><ent r="102" t="11" w="6" /></phr><phr n="editing"><ent r="3" t="11" w="85" /><ent r="3" t="11" w="85" /></phr></stem></index>