<?xml version="1.0" encoding="utf-8"?><index><stem n="toolbar"><phr n="toolbar"><ent r="3" t="10" w="42" /><ent r="3" t="10" w="42" /></phr></stem><stem n="standard"><phr n="Standard"><ent r="3" t="10" w="45" /><ent r="3" t="10" w="45" /></phr></stem><stem n="webhelp"><phr n="WebHelp"><ent r="3" t="10" w="46" /><ent r="3" t="10" w="46" /><ent r="3" t="11" w="80" /><ent r="3" t="11" w="80" /></phr></stem><stem n="html5"><phr n="HTML5"><ent r="3" t="10" w="56" /><ent r="3" t="10" w="56" /><ent r="3" t="11" w="82" /><ent r="3" t="11" w="82" /></phr></stem><stem n="editor"><phr n="Editor"><ent r="3" t="10" w="64" /><ent r="4" t="10" w="90" /></phr><phr n="editor"><ent r="4" t="11" w="158" /></phr></stem><stem n="project"><phr n="Project"><ent r="4" t="10" w="68" /><ent r="4" t="10" w="68" /></phr><phr n="project"><ent r="3" t="11" w="62" /><ent r="3" t="11" w="62" /></phr></stem><stem n="organ"><phr n="Organizer"><ent r="4" t="10" w="69" /></phr></stem><stem n="folder"><phr n="folder"><ent r="4" t="10" w="75" /></phr></stem><stem n="double-click"><phr n="Double-click"><ent r="4" t="10" w="77" /><ent r="4" t="10" w="77" /><ent r="4" t="11" w="152" /><ent r="4" t="11" w="152" /></phr></stem><stem n="doubl"><phr n="Double"><ent r="4" t="10" w="77" /><ent r="4" t="11" w="152" /></phr></stem><stem n="left"><phr n="left"><ent r="4" t="10" w="85" /><ent r="4" t="10" w="85" /></phr></stem><stem n="style"><phr n="Styles"><ent r="5" t="10" w="94" /><ent r="5" t="10" w="94" /></phr><phr n="style"><ent r="4" t="10" w="103" /></phr></stem><stem n="tab"><phr n="tab"><ent r="4" t="10" w="96" /></phr></stem><stem n="expand"><phr n="Expand"><ent r="4" t="10" w="98" /><ent r="4" t="10" w="98" /><ent r="4" t="10" w="105" /><ent r="4" t="10" w="105" /></phr></stem><stem n="background"><phr n="Background"><ent r="5" t="10" w="107" /><ent r="5" t="10" w="107" /><ent r="5" t="10" w="116" /><ent r="5" t="10" w="116" /></phr></stem><stem n="imag"><phr n="Image"><ent r="5" t="10" w="117" /><ent r="5" t="10" w="117" /></phr><phr n="image"><ent r="4" t="10" w="123" /></phr><phr n="images"><ent r="3" t="11" w="108" /><ent r="3" t="11" w="108" /></phr></stem><stem n="select"><phr n="select"><ent r="4" t="10" w="121" /><ent r="4" t="10" w="121" /></phr></stem><stem n="februari"><phr n="February"><ent r="7" t="10" w="140" /><ent r="7" t="10" w="140" /><ent r="7" t="11" w="181" /><ent r="7" t="11" w="181" /></phr></stem><stem n="2010"><phr n="2010"><ent r="7" t="10" w="142" /><ent r="7" t="10" w="142" /><ent r="7" t="11" w="183" /><ent r="7" t="11" w="183" /></phr></stem><stem n="joe"><phr n="Joe"><ent r="7" t="10" w="144" /><ent r="7" t="10" w="144" /></phr></stem><stem n="sarah"><phr n="Sarah"><ent r="7" t="10" w="147" /><ent r="7" t="10" w="147" /></phr></stem><stem n="contributor"><phr n="Contributor"><ent r="7" t="10" w="148" /><ent r="7" t="10" w="148" /></phr></stem><stem n="master"><phr n="Master"><ent r="1000" t="11" w="3" /><ent r="1000" t="11" w="3" /><ent r="102" t="11" w="8" /><ent r="102" t="11" w="8" /><ent r="3" t="11" w="47" /><ent r="3" t="11" w="47" /></phr><phr n="master"><ent r="3" t="11" w="31" /><ent r="3" t="11" w="31" /><ent r="3" t="11" w="65" /><ent r="3" t="11" w="65" /><ent r="3" t="11" w="87" /><ent r="3" t="11" w="87" /><ent r="3" t="11" w="113" /><ent r="3" t="11" w="113" /><ent r="3" t="11" w="129" /><ent r="3" t="11" w="129" /></phr></stem><stem n="page"><phr n="Page"><ent r="1000" t="11" w="4" /><ent r="1000" t="11" w="4" /><ent r="102" t="11" w="9" /><ent r="102" t="11" w="9" /><ent r="4" t="11" w="149" /><ent r="4" t="11" w="149" /></phr><phr n="page"><ent r="3" t="11" w="32" /><ent r="3" t="11" w="57" /><ent r="3" t="11" w="57" /><ent r="3" t="11" w="66" /><ent r="3" t="11" w="66" /><ent r="3" t="11" w="88" /><ent r="3" t="11" w="114" /><ent r="3" t="11" w="114" /><ent r="3" t="11" w="130" /><ent r="3" t="11" w="130" /></phr><phr n="pages"><ent r="3" t="11" w="39" /><ent r="3" t="11" w="39" /><ent r="3" t="11" w="48" /><ent r="3" t="11" w="48" /></phr></stem><stem n="compil"><phr n="compiles"><ent r="3" t="11" w="34" /><ent r="3" t="11" w="34" /></phr><phr n="compile"><ent r="3" t="11" w="103" /><ent r="3" t="11" w="103" /></phr></stem><stem n="addit"><phr n="additional"><ent r="3" t="11" w="35" /><ent r="3" t="11" w="35" /><ent r="4" t="11" w="166" /><ent r="4" t="11" w="166" /></phr></stem><stem n="element"><phr n="elements"><ent r="3" t="11" w="36" /><ent r="3" t="11" w="36" /></phr></stem><stem n="onto"><phr n="onto"><ent r="3" t="11" w="37" /><ent r="3" t="11" w="37" /></phr></stem><stem n="topic"><phr n="topic"><ent r="3" t="11" w="38" /><ent r="3" t="11" w="38" /><ent r="3" t="11" w="72" /><ent r="3" t="11" w="78" /><ent r="3" t="11" w="78" /><ent r="3" t="11" w="97" /><ent r="3" t="11" w="97" /><ent r="3" t="11" w="120" /></phr></stem><stem n="output"><phr n="output"><ent r="3" t="11" w="42" /><ent r="3" t="11" w="60" /></phr><phr n="outputs"><ent r="3" t="11" w="83" /></phr><phr n="Output"><ent r="6" t="11" w="124" /><ent r="6" t="11" w="124" /></phr></stem><stem n="everi"><phr n="every"><ent r="3" t="11" w="56" /><ent r="3" t="11" w="56" /></phr></stem><stem n="breadcrumb"><phr n="breadcrumbs"><ent r="3" t="11" w="69" /><ent r="3" t="11" w="69" /></phr></stem><stem n="abov"><phr n="above"><ent r="3" t="11" w="70" /><ent r="3" t="11" w="70" /></phr></stem><stem n="copyright"><phr n="copyright"><ent r="3" t="11" w="75" /><ent r="3" t="11" w="75" /></phr></stem><stem n="below"><phr n="below"><ent r="3" t="11" w="76" /><ent r="3" t="11" w="76" /><ent r="3" t="11" w="109" /><ent r="3" t="11" w="109" /></phr></stem><stem n="will"><phr n="will"><ent r="3" t="11" w="90" /><ent r="3" t="11" w="90" /><ent r="3" t="11" w="99" /><ent r="3" t="11" w="99" /></phr></stem><stem n="see"><phr n="see"><ent r="3" t="11" w="91" /><ent r="3" t="11" w="91" /><ent r="3" t="11" w="111" /><ent r="3" t="11" w="111" /></phr></stem><stem n="proxi"><phr n="proxies"><ent r="3" t="11" w="92" /><ent r="3" t="11" w="92" /><ent r="4" t="11" w="164" /><ent r="4" t="11" w="164" /></phr></stem><stem n="repres"><phr n="representing"><ent r="3" t="11" w="93" /><ent r="3" t="11" w="93" /></phr></stem><stem n="popul"><phr n="populated"><ent r="3" t="11" w="101" /><ent r="3" t="11" w="101" /></phr></stem><stem n="time"><phr n="time"><ent r="3" t="11" w="104" /></phr></stem><stem n="sourc"><phr n="source"><ent r="3" t="11" w="115" /><ent r="3" t="11" w="115" /></phr><phr n="Source"><ent r="6" t="11" w="122" /><ent r="6" t="11" w="122" /></phr></stem><stem n="resourc"><phr n="Resources"><ent r="3" t="11" w="136" /></phr></stem><stem n="masterpag"><phr n="MasterPages"><ent r="3" t="11" w="137" /><ent r="3" t="11" w="137" /></phr></stem><stem n="explor"><phr n="Explorer"><ent r="3" t="11" w="141" /><ent r="3" t="11" w="141" /></phr></stem><stem n="ad"><phr n="added"><ent r="3" t="11" w="143" /><ent r="3" t="11" w="143" /></phr></stem><stem n="menu"><phr n="menu"><ent r="3" t="11" w="146" /><ent r="3" t="11" w="146" /></phr></stem><stem n="project&gt;new&gt;mast"><phr n="Project&gt;New&gt;Master"><ent r="4" t="11" w="148" /><ent r="4" t="11" w="148" /></phr></stem><stem n="remov"><phr n="remove"><ent r="4" t="11" w="161" /></phr></stem><stem n="move"><phr n="move"><ent r="4" t="11" w="163" /><ent r="4" t="11" w="163" /></phr></stem><stem n="need"><phr n="needed"><ent r="4" t="11" w="169" /></phr></stem><stem n="simon"><phr n="Simon"><ent r="7" t="11" w="185" /><ent r="7" t="11" w="185" /></phr></stem><stem n="madcap"><phr n="MadCap"><ent r="7" t="11" w="186" /><ent r="7" t="11" w="186" /></phr></stem><stem n="fred"><phr n="Fred"><ent r="7" t="11" w="188" /><ent r="7" t="11" w="188" /></phr></stem><stem n="base"><phr n="Base"><ent r="7" t="11" w="190" /><ent r="7" t="11" w="190" /></phr></stem></index>