<?xml version="1.0" encoding="utf-8"?><index><stem n="welcom"><phr n="Welcome"><ent r="1000" t="0" w="1" /><ent r="1000" t="0" w="1" /><ent r="103" t="0" w="6" /><ent r="103" t="0" w="6" /></phr></stem><stem n="schema"><phr n="Schema"><ent r="1000" t="0" w="3" /><ent r="1000" t="0" w="3" /><ent r="103" t="0" w="8" /><ent r="103" t="0" w="8" /><ent r="3" t="0" w="13" /><ent r="3" t="0" w="13" /><ent r="3" t="0" w="91" /><ent r="3" t="0" w="91" /><ent r="3" t="0" w="157" /><ent r="3" t="0" w="157" /><ent r="3" t="0" w="166" /><ent r="3" t="0" w="166" /><ent r="3" t="1" w="7" /><ent r="3" t="1" w="7" /><ent r="3" t="2" w="214" /><ent r="3" t="2" w="214" /><ent r="3" t="2" w="238" /><ent r="3" t="2" w="238" /><ent r="3" t="2" w="255" /><ent r="3" t="2" w="255" /><ent r="3" t="3" w="214" /><ent r="3" t="3" w="214" /><ent r="3" t="3" w="238" /><ent r="3" t="3" w="238" /><ent r="3" t="3" w="255" /><ent r="3" t="3" w="255" /><ent r="1000" t="4" w="1" /><ent r="1000" t="4" w="1" /><ent r="102" t="4" w="4" /><ent r="102" t="4" w="4" /><ent r="3" t="4" w="12" /><ent r="3" t="4" w="12" /><ent r="1000" t="5" w="1" /><ent r="1000" t="5" w="1" /><ent r="102" t="5" w="4" /><ent r="102" t="5" w="4" /><ent r="3" t="6" w="7" /><ent r="3" t="6" w="7" /><ent r="3" t="8" w="22" /><ent r="3" t="8" w="22" /><ent r="3" t="9" w="36" /><ent r="3" t="9" w="36" /></phr><phr n="schemas"><ent r="3" t="0" w="37" /><ent r="3" t="0" w="63" /><ent r="3" t="0" w="63" /><ent r="3" t="1" w="13" /><ent r="3" t="1" w="13" /><ent r="3" t="1" w="23" /><ent r="3" t="1" w="23" /><ent r="3" t="1" w="108" /><ent r="3" t="1" w="108" /><ent r="3" t="2" w="34" /><ent r="3" t="3" w="34" /><ent r="3" t="6" w="34" /><ent r="3" t="6" w="34" /></phr><phr n="schema"><ent r="3" t="0" w="40" /><ent r="3" t="0" w="40" /><ent r="3" t="0" w="47" /><ent r="3" t="0" w="47" /><ent r="3" t="0" w="54" /><ent r="3" t="0" w="54" /><ent r="3" t="0" w="95" /><ent r="3" t="0" w="95" /><ent r="3" t="1" w="51" /><ent r="3" t="1" w="51" /><ent r="3" t="1" w="67" /><ent r="3" t="1" w="85" /><ent r="3" t="1" w="85" /><ent r="3" t="1" w="100" /><ent r="3" t="1" w="100" /><ent r="3" t="4" w="11" /><ent r="4" t="4" w="44" /><ent r="4" t="4" w="44" /><ent r="4" t="4" w="51" /><ent r="4" t="4" w="51" /><ent r="4" t="4" w="63" /><ent r="4" t="4" w="63" /><ent r="3" t="5" w="12" /><ent r="3" t="5" w="12" /><ent r="3" t="5" w="18" /><ent r="3" t="5" w="18" /><ent r="3" t="5" w="26" /><ent r="3" t="5" w="26" /><ent r="3" t="5" w="30" /><ent r="3" t="5" w="30" /><ent r="3" t="5" w="55" /><ent r="3" t="6" w="45" /><ent r="3" t="6" w="45" /><ent r="3" t="9" w="18" /><ent r="3" t="9" w="18" /></phr><phr n="Schemas"><ent r="3" t="0" w="70" /><ent r="3" t="0" w="70" /></phr></stem><stem n="wizard"><phr n="Wizard"><ent r="1000" t="0" w="4" /><ent r="1000" t="0" w="4" /><ent r="103" t="0" w="9" /><ent r="103" t="0" w="9" /><ent r="3" t="0" w="14" /><ent r="3" t="0" w="14" /><ent r="3" t="0" w="92" /><ent r="3" t="0" w="92" /><ent r="3" t="0" w="158" /><ent r="3" t="0" w="158" /><ent r="3" t="0" w="167" /><ent r="3" t="0" w="167" /><ent r="3" t="1" w="8" /><ent r="3" t="1" w="8" /><ent r="3" t="2" w="215" /><ent r="3" t="2" w="215" /><ent r="3" t="2" w="239" /><ent r="3" t="2" w="239" /><ent r="3" t="2" w="256" /><ent r="3" t="2" w="256" /><ent r="3" t="3" w="215" /><ent r="3" t="3" w="215" /><ent r="3" t="3" w="239" /><ent r="3" t="3" w="239" /><ent r="3" t="3" w="256" /><ent r="3" t="3" w="256" /><ent r="3" t="4" w="13" /><ent r="3" t="4" w="13" /><ent r="3" t="6" w="8" /><ent r="3" t="6" w="8" /><ent r="3" t="8" w="23" /><ent r="3" t="9" w="37" /><ent r="3" t="9" w="37" /></phr></stem><stem n="digitaledg"><phr n="DigitalEdge"><ent r="3" t="0" w="12" /><ent r="3" t="0" w="12" /><ent r="3" t="0" w="22" /><ent r="3" t="0" w="22" /><ent r="3" t="0" w="39" /><ent r="3" t="0" w="39" /><ent r="3" t="0" w="85" /><ent r="3" t="0" w="85" /><ent r="3" t="1" w="6" /><ent r="3" t="1" w="6" /><ent r="3" t="2" w="12" /><ent r="3" t="2" w="12" /><ent r="3" t="3" w="12" /><ent r="3" t="3" w="12" /><ent r="3" t="6" w="6" /><ent r="3" t="6" w="6" /></phr></stem><stem n="on"><phr n="one"><ent r="3" t="0" w="16" /><ent r="3" t="0" w="16" /><ent r="3" t="7" w="24" /><ent r="3" t="7" w="50" /><ent r="3" t="7" w="50" /><ent r="3" t="8" w="15" /><ent r="3" t="8" w="15" /></phr><phr n="One"><ent r="3" t="2" w="5" /><ent r="3" t="2" w="5" /><ent r="3" t="3" w="5" /><ent r="3" t="3" w="5" /></phr></stem><stem n="tool"><phr n="tools"><ent r="3" t="0" w="19" /><ent r="3" t="0" w="19" /><ent r="3" t="0" w="75" /><ent r="3" t="0" w="75" /><ent r="3" t="2" w="15" /><ent r="3" t="2" w="15" /><ent r="3" t="3" w="15" /><ent r="3" t="3" w="15" /></phr><phr n="tool"><ent r="3" t="0" w="89" /></phr></stem><stem n="3"><phr n="3"><ent r="3" t="0" w="23" /><ent r="4" t="7" w="61" /><ent r="4" t="7" w="61" /><ent r="7" t="11" w="182" /></phr></stem><stem n="0"><phr n="0"><ent r="3" t="0" w="24" /><ent r="3" t="0" w="24" /></phr></stem><stem n="suit"><phr n="Suite"><ent r="3" t="0" w="25" /></phr><phr n="suite"><ent r="3" t="0" w="78" /><ent r="3" t="0" w="78" /><ent r="3" t="2" w="13" /><ent r="3" t="2" w="13" /><ent r="3" t="3" w="13" /><ent r="3" t="3" w="13" /></phr></stem><stem n="us"><phr n="used"><ent r="3" t="0" w="28" /><ent r="3" t="0" w="28" /><ent r="3" t="0" w="72" /><ent r="3" t="0" w="72" /><ent r="3" t="1" w="18" /><ent r="3" t="1" w="18" /><ent r="3" t="1" w="64" /><ent r="3" t="1" w="64" /><ent r="3" t="6" w="43" /><ent r="3" t="6" w="43" /><ent r="3" t="11" w="51" /><ent r="3" t="11" w="51" /></phr><phr n="using"><ent r="3" t="0" w="156" /><ent r="3" t="0" w="156" /></phr><phr n="uses"><ent r="3" t="11" w="63" /><ent r="3" t="11" w="63" /></phr></stem><stem n="data"><phr n="data"><ent r="3" t="0" w="31" /><ent r="3" t="0" w="31" /><ent r="3" t="0" w="68" /><ent r="3" t="0" w="68" /><ent r="3" t="0" w="103" /><ent r="3" t="0" w="105" /><ent r="3" t="0" w="105" /><ent r="3" t="0" w="138" /><ent r="3" t="0" w="138" /><ent r="3" t="0" w="146" /><ent r="3" t="0" w="146" /><ent r="3" t="1" w="15" /><ent r="3" t="1" w="15" /><ent r="3" t="1" w="25" /><ent r="3" t="1" w="25" /><ent r="3" t="1" w="35" /><ent r="3" t="1" w="35" /><ent r="3" t="1" w="43" /><ent r="3" t="1" w="43" /><ent r="3" t="1" w="61" /><ent r="3" t="1" w="61" /><ent r="3" t="1" w="71" /><ent r="3" t="1" w="71" /><ent r="3" t="1" w="73" /><ent r="3" t="1" w="73" /><ent r="3" t="1" w="95" /><ent r="3" t="1" w="95" /><ent r="3" t="2" w="234" /><ent r="3" t="2" w="234" /><ent r="3" t="3" w="234" /><ent r="3" t="3" w="234" /><ent r="4" t="4" w="22" /><ent r="4" t="4" w="22" /><ent r="3" t="5" w="34" /><ent r="3" t="5" w="34" /><ent r="3" t="5" w="40" /><ent r="3" t="5" w="40" /><ent r="3" t="5" w="57" /><ent r="3" t="5" w="57" /><ent r="3" t="6" w="40" /><ent r="3" t="6" w="40" /><ent r="3" t="6" w="79" /></phr></stem><stem n="engin"><phr n="engineer"><ent r="3" t="0" w="32" /><ent r="3" t="0" w="32" /><ent r="3" t="0" w="147" /><ent r="3" t="0" w="147" /><ent r="3" t="1" w="96" /><ent r="3" t="1" w="96" /><ent r="3" t="2" w="235" /><ent r="3" t="2" w="235" /><ent r="3" t="3" w="235" /><ent r="3" t="3" w="235" /><ent r="3" t="5" w="58" /><ent r="3" t="5" w="58" /></phr><phr n="engine"><ent r="3" t="2" w="225" /><ent r="3" t="2" w="225" /><ent r="3" t="3" w="225" /><ent r="3" t="3" w="225" /></phr></stem><stem n="creat"><phr n="create"><ent r="3" t="0" w="34" /><ent r="3" t="0" w="34" /><ent r="3" t="8" w="52" /><ent r="3" t="8" w="52" /></phr><phr n="creates"><ent r="3" t="0" w="93" /><ent r="3" t="0" w="93" /></phr><phr n="creating"><ent r="3" t="4" w="8" /><ent r="3" t="4" w="8" /></phr><phr n="Create"><ent r="1000" t="8" w="1" /><ent r="1000" t="8" w="1" /><ent r="102" t="8" w="5" /><ent r="102" t="8" w="5" /><ent r="4" t="8" w="68" /><ent r="4" t="8" w="68" /></phr><phr n="created"><ent r="4" t="8" w="93" /><ent r="4" t="8" w="93" /></phr><phr n="Creating"><ent r="3" t="9" w="30" /><ent r="3" t="9" w="30" /></phr></stem><stem n="modifi"><phr n="modify"><ent r="3" t="0" w="36" /><ent r="3" t="0" w="36" /><ent r="4" t="4" w="54" /><ent r="4" t="4" w="54" /><ent r="3" t="5" w="10" /><ent r="3" t="5" w="10" /></phr><phr n="modified"><ent r="3" t="1" w="111" /></phr></stem><stem n="intend"><phr n="intended"><ent r="3" t="0" w="42" /><ent r="3" t="0" w="42" /></phr></stem><stem n="unifi"><phr n="unified"><ent r="3" t="0" w="46" /><ent r="3" t="0" w="46" /></phr></stem><stem n="enterpris"><phr n="enterprise"><ent r="3" t="0" w="50" /><ent r="3" t="0" w="50" /></phr></stem><stem n="system"><phr n="system"><ent r="3" t="0" w="51" /><ent r="4" t="4" w="42" /><ent r="4" t="4" w="42" /></phr></stem><stem n="result"><phr n="result"><ent r="3" t="0" w="57" /><ent r="3" t="0" w="57" /></phr><phr n="results"><ent r="3" t="5" w="49" /><ent r="3" t="5" w="49" /></phr></stem><stem n="coalesc"><phr n="coalescing"><ent r="3" t="0" w="59" /><ent r="3" t="0" w="59" /></phr></stem><stem n="two"><phr n="two"><ent r="3" t="0" w="60" /><ent r="3" t="0" w="60" /><ent r="3" t="7" w="27" /></phr></stem><stem n="differ"><phr n="different"><ent r="3" t="0" w="65" /><ent r="3" t="0" w="65" /></phr></stem><stem n="databas"><phr n="databases"><ent r="3" t="0" w="66" /><ent r="3" t="0" w="66" /></phr><phr n="database"><ent r="3" t="6" w="17" /><ent r="3" t="6" w="17" /><ent r="3" t="6" w="76" /><ent r="3" t="6" w="76" /></phr></stem><stem n="stream"><phr n="streams"><ent r="3" t="0" w="69" /><ent r="3" t="0" w="163" /><ent r="3" t="0" w="163" /><ent r="3" t="5" w="41" /><ent r="3" t="5" w="41" /></phr></stem><stem n="ingest"><phr n="ingest"><ent r="3" t="0" w="82" /><ent r="3" t="0" w="82" /></phr></stem><stem n="featur"><phr n="feature"><ent r="3" t="0" w="83" /><ent r="3" t="0" w="83" /></phr><phr n="features"><ent r="3" t="2" w="9" /><ent r="3" t="2" w="9" /><ent r="3" t="3" w="9" /><ent r="3" t="3" w="9" /></phr></stem><stem n="vizwiz"><phr n="VizWiz"><ent r="3" t="0" w="88" /><ent r="3" t="0" w="88" /></phr></stem><stem n="discoveri"><phr n="discovery"><ent r="3" t="0" w="98" /><ent r="3" t="0" w="98" /><ent r="3" t="2" w="108" /><ent r="3" t="2" w="108" /><ent r="3" t="3" w="108" /><ent r="3" t="3" w="108" /></phr></stem><stem n="process"><phr n="process"><ent r="3" t="0" w="99" /><ent r="3" t="0" w="99" /><ent r="3" t="2" w="157" /><ent r="3" t="2" w="157" /><ent r="3" t="3" w="157" /><ent r="3" t="3" w="157" /></phr></stem><stem n="while"><phr n="while"><ent r="3" t="0" w="100" /><ent r="3" t="0" w="100" /><ent r="3" t="5" w="16" /><ent r="3" t="5" w="16" /></phr></stem><stem n="analyz"><phr n="analyzing"><ent r="3" t="0" w="101" /><ent r="3" t="0" w="101" /></phr></stem><stem n="sampl"><phr n="sample"><ent r="3" t="0" w="102" /><ent r="3" t="0" w="102" /><ent r="3" t="1" w="16" /><ent r="3" t="1" w="16" /><ent r="3" t="1" w="26" /><ent r="3" t="1" w="26" /><ent r="3" t="1" w="36" /><ent r="3" t="1" w="36" /><ent r="3" t="1" w="44" /><ent r="3" t="1" w="44" /><ent r="3" t="1" w="62" /><ent r="3" t="1" w="62" /><ent r="3" t="1" w="74" /><ent r="3" t="1" w="74" /><ent r="4" t="4" w="21" /><ent r="4" t="4" w="21" /><ent r="4" t="4" w="67" /><ent r="4" t="4" w="67" /><ent r="3" t="5" w="35" /><ent r="3" t="5" w="35" /><ent r="3" t="6" w="41" /><ent r="3" t="6" w="41" /></phr><phr n="samples"><ent r="3" t="0" w="151" /><ent r="3" t="0" w="151" /><ent r="3" t="2" w="94" /><ent r="3" t="2" w="94" /><ent r="3" t="3" w="94" /><ent r="3" t="3" w="94" /><ent r="4" t="4" w="34" /><ent r="4" t="4" w="34" /></phr></stem><stem n="structur"><phr n="structured"><ent r="3" t="0" w="108" /><ent r="3" t="0" w="108" /></phr></stem><stem n="unstructur"><phr n="unstructured"><ent r="3" t="0" w="110" /><ent r="3" t="0" w="110" /></phr></stem><stem n="content"><phr n="content"><ent r="3" t="0" w="113" /><ent r="3" t="0" w="113" /><ent r="3" t="11" w="54" /><ent r="3" t="11" w="54" /><ent r="4" t="11" w="167" /><ent r="4" t="11" w="167" /></phr><phr n="Content"><ent r="3" t="11" w="135" /><ent r="3" t="11" w="140" /><ent r="3" t="11" w="140" /></phr></stem><stem n="variou"><phr n="various"><ent r="3" t="0" w="117" /><ent r="3" t="0" w="117" /></phr></stem><stem n="form"><phr n="forms"><ent r="3" t="0" w="118" /><ent r="3" t="0" w="118" /></phr></stem><stem n="comma"><phr n="comma"><ent r="3" t="0" w="121" /><ent r="3" t="0" w="121" /></phr></stem><stem n="separ"><phr n="separated"><ent r="3" t="0" w="122" /><ent r="3" t="0" w="122" /></phr></stem><stem n="valu"><phr n="values"><ent r="3" t="0" w="123" /><ent r="3" t="2" w="51" /><ent r="3" t="2" w="51" /><ent r="3" t="2" w="65" /><ent r="3" t="2" w="65" /><ent r="3" t="3" w="51" /><ent r="3" t="3" w="51" /><ent r="3" t="3" w="65" /><ent r="3" t="3" w="65" /></phr><phr n="value"><ent r="3" t="0" w="127" /><ent r="3" t="0" w="127" /><ent r="3" t="2" w="73" /><ent r="3" t="2" w="73" /><ent r="3" t="3" w="73" /><ent r="3" t="3" w="73" /></phr></stem><stem n="json"><phr n="JSON"><ent r="3" t="0" w="124" /></phr></stem><stem n="xml"><phr n="XML"><ent r="3" t="0" w="125" /></phr></stem><stem n="name"><phr n="name"><ent r="3" t="0" w="126" /><ent r="4" t="8" w="76" /><ent r="4" t="8" w="76" /></phr><phr n="names"><ent r="4" t="4" w="57" /><ent r="4" t="4" w="57" /></phr><phr n="Name"><ent r="4" t="4" w="59" /><ent r="4" t="4" w="59" /><ent r="7" t="7" w="16" /><ent r="7" t="7" w="16" /><ent r="7" t="7" w="75" /><ent r="7" t="7" w="75" /></phr><phr n="Names"><ent r="7" t="7" w="77" /><ent r="7" t="7" w="77" /></phr></stem><stem n="pair"><phr n="pairs"><ent r="3" t="0" w="128" /></phr></stem><stem n="plain"><phr n="plain"><ent r="3" t="0" w="129" /><ent r="3" t="0" w="129" /></phr></stem><stem n="text"><phr n="text"><ent r="3" t="0" w="130" /><ent r="3" t="1" w="92" /><ent r="3" t="1" w="92" /></phr></stem><stem n="document"><phr n="documents"><ent r="3" t="0" w="132" /></phr></stem><stem n="addition"><phr n="Additionally"><ent r="3" t="0" w="133" /></phr></stem><stem n="multipl"><phr n="multiple"><ent r="3" t="0" w="134" /><ent r="3" t="0" w="134" /></phr></stem><stem n="instanc"><phr n="instances"><ent r="3" t="0" w="135" /><ent r="3" t="0" w="135" /></phr><phr n="instance"><ent r="3" t="6" w="85" /><ent r="3" t="6" w="85" /></phr></stem><stem n="compress"><phr n="compressed"><ent r="3" t="0" w="142" /><ent r="3" t="0" w="142" /></phr></stem><stem n="file"><phr n="file"><ent r="3" t="0" w="143" /><ent r="3" t="0" w="143" /><ent r="3" t="1" w="37" /><ent r="3" t="1" w="37" /><ent r="3" t="1" w="45" /><ent r="3" t="1" w="63" /><ent r="3" t="1" w="63" /><ent r="4" t="4" w="30" /><ent r="4" t="4" w="30" /><ent r="4" t="10" w="81" /><ent r="4" t="10" w="128" /></phr><phr n="files"><ent r="3" t="0" w="153" /><ent r="3" t="0" w="153" /><ent r="3" t="1" w="17" /><ent r="3" t="1" w="17" /><ent r="3" t="1" w="27" /><ent r="3" t="1" w="27" /><ent r="3" t="1" w="75" /><ent r="3" t="1" w="75" /><ent r="4" t="4" w="23" /><ent r="4" t="4" w="23" /><ent r="4" t="4" w="68" /><ent r="4" t="4" w="68" /><ent r="3" t="5" w="36" /><ent r="3" t="5" w="36" /><ent r="3" t="6" w="42" /><ent r="3" t="6" w="42" /></phr></stem><stem n="format"><phr n="formats"><ent r="3" t="0" w="144" /></phr></stem><stem n="collect"><phr n="collect"><ent r="3" t="0" w="149" /><ent r="3" t="0" w="149" /></phr><phr n="collected"><ent r="3" t="1" w="33" /><ent r="3" t="1" w="33" /></phr><phr n="collection"><ent r="3" t="2" w="218" /><ent r="3" t="2" w="218" /><ent r="3" t="2" w="229" /><ent r="3" t="2" w="229" /><ent r="3" t="3" w="218" /><ent r="3" t="3" w="218" /><ent r="3" t="3" w="229" /><ent r="3" t="3" w="229" /></phr></stem><stem n="prior"><phr n="prior"><ent r="3" t="0" w="154" /><ent r="3" t="0" w="154" /></phr></stem><stem n="direct"><phr n="direct"><ent r="3" t="0" w="161" /><ent r="3" t="0" w="161" /></phr></stem><stem n="live"><phr n="live"><ent r="3" t="0" w="162" /><ent r="3" t="0" w="162" /></phr></stem><stem n="session"><phr n="session"><ent r="3" t="0" w="168" /><ent r="3" t="2" w="240" /><ent r="3" t="3" w="240" /></phr></stem><stem n="catalog"><phr n="Catalog"><ent r="1000" t="1" w="1" /><ent r="1000" t="1" w="1" /><ent r="102" t="1" w="3" /><ent r="102" t="1" w="3" /><ent r="3" t="6" w="32" /></phr><phr n="catalog"><ent r="3" t="1" w="11" /><ent r="3" t="1" w="11" /></phr></stem><stem n="maintain"><phr n="maintains"><ent r="3" t="1" w="9" /><ent r="3" t="1" w="9" /></phr><phr n="maintained"><ent r="3" t="1" w="78" /><ent r="3" t="1" w="106" /><ent r="3" t="1" w="106" /></phr><phr n="maintaining"><ent r="3" t="2" w="262" /><ent r="3" t="2" w="262" /><ent r="3" t="3" w="262" /><ent r="3" t="3" w="262" /></phr></stem><stem n="gener"><phr n="generation"><ent r="3" t="1" w="21" /><ent r="3" t="1" w="69" /><ent r="3" t="6" w="46" /></phr><phr n="generated"><ent r="4" t="4" w="43" /><ent r="4" t="4" w="43" /><ent r="3" t="11" w="119" /><ent r="3" t="11" w="119" /></phr></stem><stem n="both"><phr n="Both"><ent r="3" t="1" w="22" /><ent r="3" t="1" w="22" /></phr><phr n="both"><ent r="3" t="2" w="110" /><ent r="3" t="2" w="110" /><ent r="3" t="3" w="110" /><ent r="3" t="3" w="110" /></phr></stem><stem n="brows"><phr n="browsed"><ent r="3" t="1" w="30" /><ent r="3" t="5" w="21" /></phr></stem><stem n="statist"><phr n="Statistical"><ent r="3" t="1" w="31" /><ent r="3" t="1" w="31" /><ent r="3" t="2" w="87" /><ent r="3" t="2" w="87" /><ent r="3" t="3" w="87" /><ent r="3" t="3" w="87" /></phr><phr n="statistical"><ent r="3" t="1" w="47" /><ent r="3" t="1" w="47" /><ent r="3" t="1" w="57" /><ent r="3" t="1" w="57" /></phr></stem><stem n="inform"><phr n="information"><ent r="3" t="1" w="32" /><ent r="3" t="1" w="32" /><ent r="3" t="1" w="48" /><ent r="3" t="1" w="48" /><ent r="3" t="1" w="58" /><ent r="3" t="1" w="58" /></phr></stem><stem n="analysi"><phr n="analysis"><ent r="3" t="1" w="38" /><ent r="3" t="1" w="38" /><ent r="3" t="2" w="49" /><ent r="3" t="2" w="49" /><ent r="3" t="2" w="70" /><ent r="3" t="2" w="70" /><ent r="3" t="2" w="88" /><ent r="3" t="2" w="88" /><ent r="3" t="2" w="140" /><ent r="3" t="2" w="140" /><ent r="3" t="3" w="49" /><ent r="3" t="3" w="49" /><ent r="3" t="3" w="70" /><ent r="3" t="3" w="70" /><ent r="3" t="3" w="88" /><ent r="3" t="3" w="88" /><ent r="3" t="3" w="140" /><ent r="3" t="3" w="140" /><ent r="4" t="4" w="27" /><ent r="4" t="4" w="27" /><ent r="3" t="5" w="46" /><ent r="3" t="5" w="46" /></phr></stem><stem n="avail"><phr n="available"><ent r="3" t="1" w="40" /><ent r="3" t="1" w="40" /><ent r="3" t="1" w="82" /><ent r="3" t="1" w="82" /></phr></stem><stem n="merger"><phr n="merger"><ent r="3" t="1" w="54" /><ent r="3" t="1" w="54" /></phr></stem><stem n="s"><phr n="s"><ent r="3" t="1" w="68" /><ent r="3" t="1" w="68" /><ent r="3" t="6" w="99" /><ent r="3" t="6" w="99" /><ent r="3" t="9" w="15" /><ent r="3" t="9" w="15" /></phr></stem><stem n="raw"><phr n="Raw"><ent r="3" t="1" w="70" /><ent r="3" t="1" w="70" /></phr></stem><stem n="metadata"><phr n="Metadata"><ent r="3" t="1" w="80" /><ent r="3" t="1" w="80" /></phr></stem><stem n="includ"><phr n="includes"><ent r="3" t="1" w="87" /><ent r="3" t="1" w="87" /></phr></stem><stem n="version"><phr n="version"><ent r="3" t="1" w="89" /><ent r="3" t="1" w="89" /></phr><phr n="Versioning"><ent r="3" t="1" w="104" /><ent r="3" t="1" w="104" /></phr><phr n="Version"><ent r="8" t="7" w="11" /><ent r="7" t="7" w="18" /><ent r="7" t="7" w="18" /><ent r="8" t="10" w="23" /><ent r="8" t="11" w="15" /></phr></stem><stem n="descript"><phr n="descriptive"><ent r="3" t="1" w="91" /><ent r="3" t="1" w="91" /></phr><phr n="Description"><ent r="92" t="7" w="35" /><ent r="4" t="8" w="78" /><ent r="4" t="8" w="78" /><ent r="92" t="10" w="50" /><ent r="92" t="11" w="45" /></phr><phr n="description"><ent r="3" t="7" w="41" /><ent r="3" t="7" w="41" /></phr></stem><stem n="enter"><phr n="entered"><ent r="3" t="1" w="97" /><ent r="3" t="1" w="97" /></phr><phr n="Enter"><ent r="4" t="8" w="73" /><ent r="4" t="8" w="73" /></phr></stem><stem n="initi"><phr n="initially"><ent r="3" t="1" w="102" /><ent r="3" t="1" w="102" /></phr><phr n="initial"><ent r="3" t="2" w="48" /><ent r="3" t="2" w="48" /><ent r="3" t="3" w="48" /><ent r="3" t="3" w="48" /></phr><phr n="initiated"><ent r="3" t="5" w="15" /><ent r="3" t="5" w="15" /></phr></stem><stem n="save"><phr n="saved"><ent r="3" t="1" w="103" /></phr><phr n="save"><ent r="4" t="4" w="61" /><ent r="4" t="4" w="61" /><ent r="3" t="5" w="73" /><ent r="3" t="5" w="73" /></phr><phr n="Save"><ent r="4" t="8" w="87" /><ent r="4" t="10" w="125" /><ent r="4" t="10" w="125" /></phr></stem><stem n="sinc"><phr n="since"><ent r="3" t="1" w="107" /><ent r="3" t="1" w="107" /></phr></stem><stem n="domain"><phr n="Domains"><ent r="1000" t="2" w="1" /><ent r="1000" t="2" w="1" /><ent r="102" t="2" w="3" /><ent r="102" t="2" w="3" /><ent r="3" t="2" w="21" /><ent r="3" t="2" w="21" /><ent r="3" t="3" w="21" /><ent r="3" t="3" w="21" /><ent r="1000" t="9" w="2" /><ent r="1000" t="9" w="2" /><ent r="102" t="9" w="5" /><ent r="102" t="9" w="5" /></phr><phr n="domain"><ent r="3" t="2" w="20" /><ent r="3" t="2" w="176" /><ent r="3" t="2" w="186" /><ent r="3" t="2" w="186" /><ent r="3" t="2" w="201" /><ent r="3" t="2" w="201" /><ent r="3" t="2" w="211" /><ent r="3" t="2" w="211" /><ent r="3" t="2" w="253" /><ent r="3" t="3" w="20" /><ent r="3" t="3" w="176" /><ent r="3" t="3" w="186" /><ent r="3" t="3" w="186" /><ent r="3" t="3" w="201" /><ent r="3" t="3" w="201" /><ent r="3" t="3" w="211" /><ent r="3" t="3" w="211" /><ent r="3" t="3" w="253" /><ent r="3" t="8" w="26" /><ent r="3" t="8" w="26" /><ent r="3" t="8" w="57" /><ent r="3" t="9" w="14" /><ent r="3" t="9" w="32" /><ent r="3" t="9" w="32" /><ent r="3" t="9" w="42" /><ent r="3" t="9" w="42" /></phr><phr n="Domain"><ent r="3" t="2" w="259" /><ent r="3" t="2" w="259" /><ent r="3" t="3" w="259" /><ent r="3" t="3" w="259" /><ent r="1000" t="8" w="3" /><ent r="1000" t="8" w="3" /><ent r="102" t="8" w="7" /><ent r="102" t="8" w="7" /><ent r="3" t="8" w="13" /><ent r="3" t="8" w="13" /><ent r="3" t="8" w="48" /><ent r="3" t="8" w="48" /><ent r="102" t="8" w="64" /><ent r="102" t="8" w="64" /><ent r="4" t="8" w="70" /><ent r="4" t="8" w="81" /><ent r="4" t="8" w="96" /></phr><phr n="domains"><ent r="3" t="9" w="10" /><ent r="3" t="9" w="10" /><ent r="3" t="9" w="28" /></phr></stem><stem n="advanc"><phr n="advanced"><ent r="3" t="2" w="8" /><ent r="3" t="2" w="8" /><ent r="3" t="3" w="8" /><ent r="3" t="3" w="8" /></phr></stem><stem n="notion"><phr n="notion"><ent r="3" t="2" w="18" /><ent r="3" t="2" w="18" /><ent r="3" t="3" w="18" /><ent r="3" t="3" w="18" /></phr></stem><stem n="provid"><phr n="provide"><ent r="3" t="2" w="22" /><ent r="3" t="2" w="22" /><ent r="3" t="2" w="57" /><ent r="3" t="2" w="57" /><ent r="3" t="3" w="22" /><ent r="3" t="3" w="22" /><ent r="3" t="3" w="57" /><ent r="3" t="3" w="57" /></phr><phr n="provides"><ent r="3" t="2" w="37" /><ent r="3" t="2" w="37" /><ent r="3" t="2" w="141" /><ent r="3" t="2" w="141" /><ent r="3" t="2" w="257" /><ent r="3" t="2" w="257" /><ent r="3" t="3" w="37" /><ent r="3" t="3" w="37" /><ent r="3" t="3" w="141" /><ent r="3" t="3" w="141" /><ent r="3" t="3" w="257" /><ent r="3" t="3" w="257" /><ent r="3" t="6" w="28" /><ent r="3" t="6" w="28" /><ent r="3" t="6" w="49" /><ent r="3" t="6" w="49" /><ent r="3" t="6" w="59" /><ent r="3" t="6" w="59" /></phr><phr n="Provide"><ent r="3" t="7" w="37" /><ent r="3" t="7" w="37" /><ent r="3" t="7" w="46" /><ent r="3" t="7" w="46" /></phr></stem><stem n="set"><phr n="set"><ent r="3" t="2" w="24" /><ent r="3" t="2" w="24" /><ent r="3" t="2" w="231" /><ent r="3" t="2" w="231" /><ent r="3" t="3" w="24" /><ent r="3" t="3" w="24" /><ent r="3" t="3" w="231" /><ent r="3" t="3" w="231" /></phr></stem><stem n="interpret"><phr n="interpretations"><ent r="3" t="2" w="26" /><ent r="3" t="2" w="26" /><ent r="3" t="2" w="242" /><ent r="3" t="2" w="242" /><ent r="3" t="3" w="26" /><ent r="3" t="3" w="26" /><ent r="3" t="3" w="242" /><ent r="3" t="3" w="242" /><ent r="3" t="8" w="53" /><ent r="3" t="8" w="53" /><ent r="3" t="9" w="16" /><ent r="3" t="9" w="16" /><ent r="3" t="9" w="46" /><ent r="3" t="9" w="46" /></phr><phr n="interpretation"><ent r="3" t="2" w="36" /><ent r="3" t="2" w="36" /><ent r="3" t="2" w="120" /><ent r="3" t="2" w="120" /><ent r="3" t="2" w="127" /><ent r="3" t="2" w="127" /><ent r="3" t="2" w="143" /><ent r="3" t="2" w="143" /><ent r="3" t="2" w="161" /><ent r="3" t="2" w="161" /><ent r="3" t="2" w="191" /><ent r="3" t="2" w="191" /><ent r="3" t="2" w="221" /><ent r="3" t="2" w="221" /><ent r="3" t="2" w="224" /><ent r="3" t="2" w="224" /><ent r="3" t="3" w="36" /><ent r="3" t="3" w="36" /><ent r="3" t="3" w="120" /><ent r="3" t="3" w="120" /><ent r="3" t="3" w="127" /><ent r="3" t="3" w="127" /><ent r="3" t="3" w="143" /><ent r="3" t="3" w="143" /><ent r="3" t="3" w="161" /><ent r="3" t="3" w="161" /><ent r="3" t="3" w="191" /><ent r="3" t="3" w="191" /><ent r="3" t="3" w="221" /><ent r="3" t="3" w="221" /><ent r="3" t="3" w="224" /><ent r="3" t="3" w="224" /><ent r="3" t="9" w="25" /></phr><phr n="Interpretations"><ent r="1000" t="3" w="1" /><ent r="1000" t="3" w="1" /><ent r="102" t="3" w="3" /><ent r="102" t="3" w="3" /></phr></stem><stem n="appli"><phr n="applied"><ent r="3" t="2" w="30" /><ent r="3" t="2" w="30" /><ent r="3" t="2" w="125" /><ent r="3" t="3" w="30" /><ent r="3" t="3" w="30" /><ent r="3" t="3" w="125" /></phr></stem><stem n="field"><phr n="fields"><ent r="3" t="2" w="32" /><ent r="3" t="2" w="32" /><ent r="3" t="2" w="168" /><ent r="3" t="2" w="168" /><ent r="3" t="3" w="32" /><ent r="3" t="3" w="32" /><ent r="3" t="3" w="168" /><ent r="3" t="3" w="168" /><ent r="4" t="4" w="48" /><ent r="4" t="4" w="48" /></phr><phr n="field"><ent r="3" t="2" w="42" /><ent r="3" t="2" w="55" /><ent r="3" t="2" w="55" /><ent r="3" t="2" w="164" /><ent r="3" t="2" w="164" /><ent r="3" t="2" w="182" /><ent r="3" t="2" w="182" /><ent r="3" t="2" w="197" /><ent r="3" t="2" w="197" /><ent r="3" t="3" w="42" /><ent r="3" t="3" w="55" /><ent r="3" t="3" w="55" /><ent r="3" t="3" w="164" /><ent r="3" t="3" w="164" /><ent r="3" t="3" w="182" /><ent r="3" t="3" w="182" /><ent r="3" t="3" w="197" /><ent r="3" t="3" w="197" /><ent r="4" t="4" w="56" /><ent r="4" t="4" w="56" /><ent r="3" t="9" w="19" /><ent r="3" t="9" w="19" /><ent r="4" t="10" w="119" /><ent r="4" t="10" w="119" /></phr></stem><stem n="semant"><phr n="semantic"><ent r="3" t="2" w="38" /><ent r="3" t="2" w="38" /><ent r="3" t="2" w="147" /><ent r="3" t="2" w="147" /><ent r="3" t="2" w="178" /><ent r="3" t="2" w="178" /><ent r="3" t="2" w="249" /><ent r="3" t="2" w="249" /><ent r="3" t="3" w="38" /><ent r="3" t="3" w="38" /><ent r="3" t="3" w="147" /><ent r="3" t="3" w="147" /><ent r="3" t="3" w="178" /><ent r="3" t="3" w="178" /><ent r="3" t="3" w="249" /><ent r="3" t="3" w="249" /></phr></stem></index>